hash;data_de_cadastro;canal_de_atendimento;denuncia_emergencial;denunciante;cenario_da_violacao;pais;uf;municipio;frequencia;inicio_das_violacoes;sl_quantidade_vitimas;grupo_vulneravel;motivacao;relacao_vitima_suspeito;sl_vitima_cadastro;genero_da_vitima;orientacao_sexual_da_vitima;faixa_etaria_da_vitima;nacionalidade_da_vitima;sl_vitima_naturalidade;sl_vitima_naturalizado_uf;sl_vitima_naturalizado_municipio;deficiencia_da_vitima;doenca_rara_da_vitima;deficiencia_relacionada_a_doenca_rara;vitima_preso_a;pais_da_vitima;uf_da_vitima;municipio_da_vitima;profissao_da_vitima;grau_de_instrucao_da_vitima;religiao_da_vitima;raca_cor_da_vitima;etnia_da_vitima;faixa_de_renda_da_vitima;natureza_juridica_do_suspeito;genero_do_suspeito;orientacao_sexual_do_suspeito;faixa_etaria_do_suspeito;suspeito_nacionalidade;sl_suspeito_naturalidade;sl_suspeito_naturalizado_uf;sl_suspeito_naturalizado_municipio;deficiencia_do_suspeito;doenca_rara_do_suspeito;deficiencia_relacionada_a_doenca_rara_suspeito;suspeito_preso;pais_do_suspeito;uf_do_suspeito;sl_suspeito_municipio;profissao_do_suspeito;grau_de_instrucao_do_suspeito;religiao_do_suspeito;raca_cor_do_suspeito;suspeito_etnia;faixa_de_renda_do_suspeito;vinculo_orgao_pj_do_suspeito;sl_suspeito_ramo;suspeito_especificacao_etnia;vitima_especificacao_etnia;violacao
a389d4a9fa05f1b86cf13dff9665af6e;04/01/2022 12:34;TELEFÔNICO;NÃO;TERCEIRO;CASA ONDE RESIDE A VÍTIMA E O SUSPEITO;BRASIL;GO;GOIÂNIA;MENSALMENTE;HÁ MAIS DE DEZ ANOS;10;VIOLÊNCIA CONTRA CRIANÇA OU ADOLESCENTE;N/D;OUTROS;PESSOA FÍSICA;FEMININO;N/D;12 A 14 ANOS;BOLÍVIA;;;;N/D;NÃO TEM DOENÇA RARA;;N/D;BRASIL;GO;GOIÂNIA;N/D;ANALFABETO;N/D;PARDA;N/D;N/D;PESSOA FÍSICA;FEMININO;N/D;60 A 64 ANOS;BRASIL;NATO;GO;DENUNCIANTE NÃO SOUBE INFORMAR;N/D;NÃO TEM DOENÇA RARA;NÃO SABE INFORMAR;N/D;BRASIL;GO;GOIÂNIA;PSICÓLOGO CLÍNICO;SUPERIOR COMPLETO;N/D;PARDA;N/D;5 A 15 SM;;N/D;N/D;N/D;LIBERDADE>DIREITOS INDIVIDUAIS>TRÁFICO DE PESSOAS - INTERNACIONAL
59084bf46847d20235f37dde6d8be432;05/01/2022 00:22;TELEFÔNICO;SITUAÇÃO FLAGRANTE - ATÉ 24H DA OCORRÊNCIA - SEM FREQUÊNCIA;ANÔNIMO;CASA ONDE RESIDE A VÍTIMA E O SUSPEITO;BRASIL;GO;GOIÂNIA;ÚNICA OCORRÊNCIA;NÃO SE APLICA;10;VIOLÊNCIA CONTRA CRIANÇA OU ADOLESCENTE;N/D;OUTROS;PESSOA FÍSICA;FEMININO;N/D;12 A 14 ANOS;BRASIL;NATO;GO;GOIÂNIA;N/D;NÃO TEM DOENÇA RARA;;NÃO;BRASIL;GO;GOIÂNIA;N/D;N/D;N/D;PARDA;N/D;N/D;PESSOA FÍSICA;FEMININO;N/D;60 A 64 ANOS;BRASIL;NATO;GO;GOIÂNIA;N/D;NÃO TEM DOENÇA RARA;NÃO SABE INFORMAR;NÃO;BRASIL;GO;GOIÂNIA;N/D;ENSINO MÉDIO COMPLETO;N/D;PARDA;N/D;1 A 3 SM;;N/D;N/D;N/D;LIBERDADE>DIREITOS INDIVIDUAIS>TRÁFICO DE PESSOAS - INTERNACIONAL
421e9528b782ae18d2940581b3f8213e;12/01/2022 09:57;TELEFÔNICO;NÃO;TERCEIRO;CASA ONDE RESIDE A VÍTIMA E O SUSPEITO;BRASIL;RJ;RIO DE JANEIRO;DIARIAMENTE;HÁ MAIS DE SEIS MESES;20;VIOLÊNCIA CONTRA CRIANÇA OU ADOLESCENTE;POR CONDUTAS EXCESSIVAS/ DESNECESSÁRIAS/ DESACONSELHADAS;OUTROS;PESSOA FÍSICA;N/D;N/D;VIDA INTRAUTERINA;BRASIL;;;;NÃO TEM DEFICIÊNCIA;NÃO TEM DOENÇA RARA;;N/D;BRASIL;RJ;RIO DE JANEIRO;N/D;N/D;N/D;N/D;N/D;N/D;PESSOA FÍSICA;MASCULINO;N/D;40 A 44 ANOS;BRASIL;;;;NÃO TEM DEFICIÊNCIA;NÃO TEM DOENÇA RARA;NÃO SABE INFORMAR;N/D;BRASIL;RJ;RIO DE JANEIRO;N/D;N/D;N/D;N/D;N/D;N/D;;N/D;N/D;N/D;LIBERDADE>DIREITOS INDIVIDUAIS>TRÁFICO DE PESSOAS - NACIONAL
3a4874f643e06772be4096ba3924feeb;08/01/2022 12:11;TELEFÔNICO;NÃO;TERCEIRO;CASA DO SUSPEITO;BRASIL;DF;BRASÍLIA;ÚNICA OCORRÊNCIA;NÃO SE APLICA;10;VIOLÊNCIA CONTRA CRIANÇA OU ADOLESCENTE;N/D;OUTROS;PESSOA FÍSICA;FEMININO;N/D;00 A 01 ANO;BRASIL;NATO;GO;DENUNCIANTE NÃO SOUBE INFORMAR;N/D;NÃO TEM DOENÇA RARA;;N/D;BRASIL;DF;BRASÍLIA;N/D;N/D;N/D;PARDA;N/D;N/D;PESSOA FÍSICA;FEMININO;HOMOSSEXUAL;55 A 59 ANOS;BRASIL;NATO;MG;BELO HORIZONTE;N/D;NÃO TEM DOENÇA RARA;NÃO SABE INFORMAR;N/D;BRASIL;DF;BRASÍLIA;PUBLICITÁRIO;SUPERIOR COMPLETO;N/D;BRANCA;N/D;N/D;;N/D;N/D;N/D;LIBERDADE>DIREITOS INDIVIDUAIS>TRÁFICO DE PESSOAS - NACIONAL
1ae27c042a86635b27f7978fec9329ef;07/01/2022 02:22;TELEFÔNICO;NÃO;ANÔNIMO;VIA PÚBLICA;BRASIL;RJ;RIO DE JANEIRO;SEMANALMENTE;HÁ MAIS DE SEIS MESES;20;VIOLÊNCIA CONTRA CRIANÇA OU ADOLESCENTE;N/D;DESCONHECIDO(A);PESSOA FÍSICA;FEMININO;N/D;07 A 09 ANOS;BRASIL;;;;N/D;NÃO TEM DOENÇA RARA;NÃO;N/D;BRASIL;RJ;RIO DE JANEIRO;N/D;N/D;N/D;BRANCA;N/D;N/D;PESSOA FÍSICA;MASCULINO;N/D;45 A 49 ANOS;BRASIL;;;;N/D;NÃO TEM DOENÇA RARA;NÃO;N/D;BRASIL;RJ;IGUABA GRANDE;N/D;ENSINO MÉDIO INCOMPLETO;N/D;BRANCA;N/D;N/D;;N/D;N/D;N/D;LIBERDADE>DIREITOS INDIVIDUAIS>TRÁFICO DE PESSOAS - NACIONAL
1a99e7f1693837bd3e8117adf831530d;11/01/2022 11:30;TELEFÔNICO;RISCO IMINENTE DE MORTE DA VÍTIMA;TERCEIRO;CASA ONDE RESIDE A VÍTIMA E O SUSPEITO;BRASIL;RJ;PATY DO ALFERES;DIARIAMENTE;HÁ MAIS DE UM ANO;20;VIOLÊNCIA CONTRA CRIANÇA OU ADOLESCENTE;N/D;DESCONHECIDO(A);PESSOA FÍSICA;FEMININO;N/D;02 A 04 ANOS;BRASIL;NATO;RJ;RIO DE JANEIRO;N/D;NÃO TEM DOENÇA RARA;;N/D;BRASIL;RJ;PATY DO ALFERES;N/D;N/D;SEM RELIGIÃO;BRANCA;N/D;N/D;PESSOA FÍSICA;FEMININO;N/D;50 A 54 ANOS;BRASIL;NATO;DENUNCIANTE NÃO SOUBE INFORMAR;;N/D;NÃO TEM DOENÇA RARA;NÃO SABE INFORMAR;N/D;BRASIL;RJ;PATY DO ALFERES;N/D;N/D;N/D;PARDA;N/D;N/D;;N/D;N/D;N/D;LIBERDADE>DIREITOS INDIVIDUAIS>TRÁFICO DE PESSOAS - NACIONAL
293ce7c61f4d88190e553b0acef8ae6e;17/01/2022 10:44;TELEFÔNICO;NÃO;TERCEIRO;CASA DO SUSPEITO;BRASIL;MG;ITAIPÉ;DIARIAMENTE;HÁ UM MÊS;30;VIOLÊNCIA CONTRA CRIANÇA OU ADOLESCENTE;PARA OBTENÇÃO DE BENEFÍCIO FINANCEIRO/ GANÂNCIA;DESCONHECIDO(A);PESSOA FÍSICA;FEMININO;N/D;;BRASIL;;;;NÃO TEM DEFICIÊNCIA;NÃO TEM DOENÇA RARA;;N/D;BRASIL;DENUNCIANTE NÃO SOUBE INFORMAR;N/D;N/D;ENSINO MÉDIO COMPLETO;CATÓLICA APOSTÓLICA ROMANA;BRANCA;N/D;N/D;PESSOA FÍSICA;MASCULINO;N/D;35 A 39 ANOS;BRASIL;NATO;MG;BELO HORIZONTE;NÃO TEM DEFICIÊNCIA;NÃO TEM DOENÇA RARA;NÃO SABE INFORMAR;TEMPORÁRIA;BRASIL;MG;ITAIPÉ;N/D;N/D;CATÓLICA APOSTÓLICA ROMANA;BRANCA;N/D;ACIMA DE 15 SM;;N/D;N/D;N/D;LIBERDADE>DIREITOS INDIVIDUAIS>TRÁFICO DE PESSOAS - INTERNACIONAL
293ce7c61f4d88190e553b0acef8ae6e;17/01/2022 10:44;TELEFÔNICO;NÃO;TERCEIRO;CASA DO SUSPEITO;BRASIL;MG;ITAIPÉ;DIARIAMENTE;HÁ UM MÊS;30;VIOLÊNCIA CONTRA POPULAÇÃO LGBTQIA+;PARA OBTENÇÃO DE BENEFÍCIO FINANCEIRO/ GANÂNCIA;DESCONHECIDO(A);PESSOA FÍSICA;FEMININO;BISSEXUAL;;BRASIL;;;;NÃO TEM DEFICIÊNCIA;NÃO TEM DOENÇA RARA;;N/D;BRASIL;DENUNCIANTE NÃO SOUBE INFORMAR;N/D;N/D;N/D;N/D;N/D;N/D;N/D;PESSOA FÍSICA;MASCULINO;N/D;35 A 39 ANOS;BRASIL;NATO;MG;BELO HORIZONTE;NÃO TEM DEFICIÊNCIA;NÃO TEM DOENÇA RARA;NÃO SABE INFORMAR;TEMPORÁRIA;BRASIL;MG;ITAIPÉ;N/D;N/D;CATÓLICA APOSTÓLICA ROMANA;BRANCA;N/D;ACIMA DE 15 SM;;N/D;N/D;N/D;LIBERDADE>DIREITOS INDIVIDUAIS>TRÁFICO DE PESSOAS - INTERNACIONAL
cdd45523f338b12e2955bd19c049aba4;16/01/2022 17:33;TELEFÔNICO;NÃO;TERCEIRO;CASA ONDE RESIDE A VÍTIMA E O SUSPEITO;BRASIL;CE;CRATO;OCASIONALMENTE;HÁ MAIS DE UM ANO;20;VIOLÊNCIA CONTRA CRIANÇA OU ADOLESCENTE;POR MOTIVO VIL, TORPE, INSIDIOSO, CRUEL, À TRAIÇÃO, OU POR DINHEIRO;OUTROS;FAMÍLIA;N/D;N/D;;BRASIL;;;;N/D;N/D;;N/D;BRASIL;CE;CRATO;N/D;N/D;N/D;N/D;N/D;N/D;COMUNIDADE;N/D;N/D;N/D;N/D;;;;N/D;N/D;NÃO SABE INFORMAR;N/D;BRASIL;CE;CRATO;N/D;N/D;N/D;N/D;N/D;N/D;;N/D;N/D;N/D;LIBERDADE>DIREITOS INDIVIDUAIS>TRÁFICO DE PESSOAS - NACIONAL
d5e8dec5645a2ef486d8acdb7b560ecf;25/01/2022 14:00;TELEFÔNICO;NÃO;TERCEIRO;AMBIENTE VIRTUAL (NO ÂMBITO DA INTERNET);BRASIL;N/D;N/D;DIARIAMENTE;HÁ MAIS DE DEZ ANOS;10;VIOLÊNCIA CONTRA CRIANÇA OU ADOLESCENTE;POR CONDUTAS EXCESSIVAS/ DESNECESSÁRIAS/ DESACONSELHADAS;DESCONHECIDO(A);PESSOA FÍSICA;FEMININO;N/D;15 A 17 ANOS;BRASIL;NATO;GO;ANÁPOLIS;NÃO TEM DEFICIÊNCIA;NÃO TEM DOENÇA RARA;;N/D;BRASIL;GO;ANÁPOLIS;ESTUDANTE;ENSINO MÉDIO INCOMPLETO;CATÓLICA APOSTÓLICA ROMANA;BRANCA;N/D;ATÉ 1 SM;PESSOA FÍSICA;MASCULINO;N/D;30 A 34 ANOS;N/D;;;;NÃO TEM DEFICIÊNCIA;NÃO TEM DOENÇA RARA;NÃO SABE INFORMAR;NÃO;FRANÇA;N/D;N/D;N/D;N/D;N/D;N/D;N/D;N/D;;N/D;N/D;N/D;LIBERDADE>DIREITOS INDIVIDUAIS>TRÁFICO DE PESSOAS - INTERNACIONAL
6c2d2ad20daf6bc2575fd9f9eb1902e2;14/02/2022 14:39;TELEFÔNICO;SITUAÇÃO FLAGRANTE - ATÉ 24H DA OCORRÊNCIA - SEM FREQUÊNCIA;ANÔNIMO;NÃO SABE INFORMAR;BRASIL;N/D;N/D;ÚNICA OCORRÊNCIA;NÃO SE APLICA;10;VIOLÊNCIA CONTRA CRIANÇA OU ADOLESCENTE;PARA FINS DE ADOÇÃO;DESCONHECIDO(A);PESSOA FÍSICA;FEMININO;N/D;02 A 04 ANOS;BRASIL;NATO;DENUNCIANTE NÃO SOUBE INFORMAR;;N/D;NÃO TEM DOENÇA RARA;;NÃO;BRASIL;BA;CAMAÇARI;N/D;ANALFABETO;N/D;BRANCA;N/D;N/D;PESSOA FÍSICA;FEMININO;N/D;40 A 44 ANOS;BRASIL;NATO;DENUNCIANTE NÃO SOUBE INFORMAR;;N/D;NÃO TEM DOENÇA RARA;NÃO SABE INFORMAR;NÃO;BRASIL;BA;CAMAÇARI;N/D;N/D;N/D;PRETA;N/D;N/D;;N/D;N/D;N/D;LIBERDADE>DIREITOS INDIVIDUAIS>TRÁFICO DE PESSOAS - NACIONAL
6958af386978a85e2a3ace41739ec5d0;08/02/2022 08:17;TELEFÔNICO;NÃO;TERCEIRO;OUTROS;BRASIL;SC;CAMBORIÚ;DIARIAMENTE;HÁ MAIS DE UM ANO;20;VIOLÊNCIA CONTRA CRIANÇA OU ADOLESCENTE;N/D;OUTROS;COMUNIDADE;N/D;N/D;;N/D;;;;N/D;N/D;;N/D;BRASIL;SC;CAMBORIÚ;N/D;N/D;N/D;N/D;N/D;N/D;PESSOA JURÍDICA DE DIREITO PRIVADO;N/D;N/D;N/D;N/D;;;;N/D;N/D;NÃO SABE INFORMAR;N/D;BRASIL;SC;CAMBORIÚ;N/D;N/D;N/D;N/D;N/D;N/D;;N/D;N/D;N/D;LIBERDADE>DIREITOS INDIVIDUAIS>TRÁFICO DE PESSOAS - INTERNACIONAL
2436c143daea7ba207adb2b243338a46;01/02/2022 08:07;TELEFÔNICO;NÃO;TERCEIRO;CASA DE TERCEIRO;ESTADOS UNIDOS;N/D;N/D;OCASIONALMENTE;HÁ MAIS DE UM ANO;10;VIOLÊNCIA CONTRA CRIANÇA OU ADOLESCENTE;PARA OBTENÇÃO DE BENEFÍCIO FINANCEIRO/ GANÂNCIA;PAI;PESSOA FÍSICA;MASCULINO;N/D;15 A 17 ANOS;BRASIL;;;;NÃO TEM DEFICIÊNCIA;NÃO TEM DOENÇA RARA;;NÃO;BRASIL;SC;FLORIANÓPOLIS;GARÇOM;ENSINO MÉDIO INCOMPLETO;SEM RELIGIÃO;PARDA;N/D;3 A 5 SM ;PESSOA FÍSICA;MASCULINO;N/D;40 A 44 ANOS;BRASIL;NATO;MG;BOM JESUS DO GALHO;MENTAL/INTELECTUAL;NÃO TEM DOENÇA RARA;NÃO SABE INFORMAR;N/D;BRASIL;MG;BOM JESUS DO GALHO;PINTOR DE OBRAS;ENSINO FUNDAMENTAL COMPLETO;CONGREGAÇÃO CRISTÃ NO BRASIL;PARDA;N/D;5 A 15 SM;;N/D;N/D;N/D;LIBERDADE>DIREITOS INDIVIDUAIS>TRÁFICO DE PESSOAS - NACIONAL
ee4929e91b7f5f4906ac8b3667f59a19;06/02/2022 21:57;WEBCHAT;RISCO IMINENTE DE MORTE DA VÍTIMA;TERCEIRO;CASA ONDE RESIDE A VÍTIMA E O SUSPEITO;BRASIL;PR;CURITIBA;DIARIAMENTE;HÁ UMA SEMANA;10;VIOLÊNCIA CONTRA CRIANÇA OU ADOLESCENTE;N/D;OUTROS;PESSOA FÍSICA;FEMININO;N/D;15 A 17 ANOS;BRASIL;;;;N/D;NÃO TEM DOENÇA RARA;NÃO;NÃO;BRASIL;PR;CURITIBA;N/D;N/D;N/D;BRANCA;N/D;N/D;PESSOA FÍSICA;MASCULINO;N/D;45 A 49 ANOS;BRASIL;;;;N/D;NÃO TEM DOENÇA RARA;NÃO;NÃO;BRASIL;PR;CURITIBA;N/D;N/D;N/D;BRANCA;N/D;N/D;;N/D;N/D;N/D;LIBERDADE>DIREITOS INDIVIDUAIS>TRÁFICO DE PESSOAS - NACIONAL
8091dc720772f7e3082fa1d669b22d17;19/02/2022 18:09;TELEFÔNICO;NÃO;TERCEIRO;CASA DO SUSPEITO;BRASIL;MG;ITANHOMI;MENSALMENTE;HÁ MAIS DE SEIS MESES;10;VIOLAÇÃO DE DIREITOS HUMANOS;PARA FINS DE ATIVIDADE ILÍCITA;NÃO SABE INFORMAR;PESSOA FÍSICA;N/D;N/D;;BRASIL;;;;N/D;NÃO TEM DOENÇA RARA;;N/D;BRASIL;MG;DENUNCIANTE NÃO SOUBE INFORMAR;N/D;N/D;N/D;N/D;N/D;N/D;PESSOA FÍSICA;MASCULINO;N/D;35 A 39 ANOS;BRASIL;NATO;DENUNCIANTE NÃO SOUBE INFORMAR;;N/D;NÃO TEM DOENÇA RARA;NÃO SABE INFORMAR;N/D;BRASIL;MG;ITANHOMI;N/D;N/D;N/D;BRANCA;N/D;N/D;;N/D;N/D;N/D;LIBERDADE>DIREITOS INDIVIDUAIS>TRÁFICO DE PESSOAS - INTERNACIONAL
828ac3876d0d8399f878e18ff43399bf;23/02/2022 20:49;TELEFÔNICO;SITUAÇÃO FLAGRANTE - ATÉ 24H DA OCORRÊNCIA - SEM FREQUÊNCIA;TERCEIRO;CASA DO SUSPEITO;BRASIL;SP;SÃO PAULO;ÚNICA OCORRÊNCIA;NÃO SE APLICA;10;VIOLÊNCIA CONTRA CRIANÇA OU ADOLESCENTE;EM RAZÃO DA IDADE;DESCONHECIDO(A);COMUNIDADE;N/D;N/D;;N/D;;;;NÃO TEM DEFICIÊNCIA;NÃO TEM DOENÇA RARA;;N/D;BRASIL;SP;SÃO PAULO;N/D;N/D;N/D;N/D;N/D;N/D;PESSOA FÍSICA;MASCULINO;N/D;N/D;BRASIL;;;;NÃO TEM DEFICIÊNCIA;NÃO TEM DOENÇA RARA;NÃO;NÃO;BRASIL;SP;SÃO PAULO;N/D;N/D;N/D;N/D;N/D;N/D;;N/D;N/D;N/D;LIBERDADE>DIREITOS INDIVIDUAIS>TRÁFICO DE PESSOAS - NACIONAL
c990f8102154a7bf549e566306d98cb2;23/02/2022 13:18;TELEFÔNICO;NÃO;TERCEIRO;CLUBE ESPORTIVO;BRASIL;PE;JATAÚBA;OCASIONALMENTE;HÁ MAIS DE CINCO ANOS;10;VIOLÊNCIA CONTRA CRIANÇA OU ADOLESCENTE;N/D;NÃO SABE INFORMAR;PESSOA FÍSICA;FEMININO;N/D;10 A 11 ANOS;BRASIL;NATO;DENUNCIANTE NÃO SOUBE INFORMAR;;N/D;NÃO TEM DOENÇA RARA;;N/D;BRASIL;PE;JATAÚBA;N/D;N/D;N/D;N/D;N/D;N/D;PESSOA FÍSICA;MASCULINO;N/D;60 A 64 ANOS;BRASIL;NATO;DENUNCIANTE NÃO SOUBE INFORMAR;;N/D;NÃO TEM DOENÇA RARA;NÃO SABE INFORMAR;N/D;BRASIL;PE;JATAÚBA;N/D;N/D;N/D;BRANCA;N/D;N/D;;N/D;N/D;N/D;LIBERDADE>DIREITOS INDIVIDUAIS>TRÁFICO DE PESSOAS - NACIONAL
e11d631fc2665b150aa8f0e5951b9783;04/03/2022 00:01;TELEFÔNICO;NÃO;TERCEIRO;CASA ONDE RESIDE A VÍTIMA E O SUSPEITO;BRASIL;SP;SÃO CARLOS;DIARIAMENTE;HÁ UMA SEMANA;30;VIOLÊNCIA CONTRA CRIANÇA OU ADOLESCENTE;DA COABITAÇÃO/ CONVIVÊNCIA FAMILIAR/ RELAÇÃO AFETIVA;FAMILIARES;PESSOA FÍSICA;FEMININO;N/D;12 A 14 ANOS;BRASIL;NATO;BA;DENUNCIANTE NÃO SOUBE INFORMAR;NÃO TEM DEFICIÊNCIA;NÃO TEM DOENÇA RARA;;NÃO;BRASIL;SP;SÃO CARLOS;N/D;ENSINO FUNDAMENTAL INCOMPLETO;N/D;PARDA;N/D;N/D;PESSOA FÍSICA;FEMININO;N/D;45 A 49 ANOS;BRASIL;NATO;DENUNCIANTE NÃO SOUBE INFORMAR;;NÃO TEM DEFICIÊNCIA;NÃO TEM DOENÇA RARA;NÃO SABE INFORMAR;NÃO;BRASIL;SP;SÃO CARLOS;N/D;N/D;N/D;PARDA;N/D;N/D;;N/D;N/D;N/D;LIBERDADE>DIREITOS INDIVIDUAIS>TRÁFICO DE PESSOAS - NACIONAL
71ca19879ebbb39e0a3c11d1cb30bd4e;11/03/2022 15:38;TELEFÔNICO;SITUAÇÃO FLAGRANTE - ATÉ 24H DA OCORRÊNCIA - SEM FREQUÊNCIA;TERCEIRO;CASA ONDE RESIDE A VÍTIMA E O SUSPEITO;BRASIL;MS;PONTA PORÃ;ÚNICA OCORRÊNCIA;NÃO SE APLICA;10;VIOLÊNCIA CONTRA CRIANÇA OU ADOLESCENTE;EM RAZÃO DA IDADE;OUTROS;PESSOA FÍSICA;FEMININO;N/D;00 A 01 ANO;BRASIL;;;;NÃO TEM DEFICIÊNCIA;NÃO TEM DOENÇA RARA;;N/D;BRASIL;MS;PONTA PORÃ;N/D;N/D;N/D;BRANCA;N/D;N/D;PESSOA FÍSICA;FEMININO;N/D;55 A 59 ANOS;BRASIL;NATO;SP;MARÍLIA;NÃO TEM DEFICIÊNCIA;NÃO TEM DOENÇA RARA;NÃO SABE INFORMAR;N/D;BRASIL;MS;PONTA PORÃ;PROFESSOR DE LÍNGUA PORTUGUESA;SUPERIOR COMPLETO;N/D;BRANCA;N/D;N/D;;N/D;N/D;N/D;LIBERDADE>DIREITOS INDIVIDUAIS>TRÁFICO DE PESSOAS - NACIONAL
c9b59bf52928f0039c2a5cdac82265ba;08/03/2022 13:56;TELEFÔNICO;NÃO;TERCEIRO;AMBIENTE VIRTUAL (NO ÂMBITO DA INTERNET);BRASIL;N/D;N/D;DIARIAMENTE;HÁ MAIS DE SEIS MESES;10;VIOLÊNCIA CONTRA CRIANÇA OU ADOLESCENTE;EM PÚBLICO OU POR MEIO QUE FACILITE A DIVULGAÇÃO/ NO ÂMBITO DA INTERNET;NÃO SABE INFORMAR;PESSOA FÍSICA;FEMININO;N/D;15 A 17 ANOS;BRASIL;;;;N/D;NÃO TEM DOENÇA RARA;;N/D;BRASIL;PE;RECIFE;N/D;N/D;N/D;N/D;N/D;N/D;PESSOA FÍSICA;MASCULINO;N/D;30 A 34 ANOS;BRASIL;;;;N/D;NÃO TEM DOENÇA RARA;NÃO SABE INFORMAR;N/D;BRASIL;PE;RECIFE;N/D;N/D;N/D;BRANCA;N/D;N/D;;N/D;N/D;N/D;LIBERDADE>DIREITOS INDIVIDUAIS>TRÁFICO DE PESSOAS - INTERNACIONAL
bdfcee58a485b6ecc11a33479b723414;07/03/2022 09:29;WHATSAPP;NÃO;ANÔNIMO;CASA DO SUSPEITO;BRASIL;SP;BERTIOGA;DIARIAMENTE;N/D;10;VIOLÊNCIA CONTRA CRIANÇA OU ADOLESCENTE;RESULTANDO EM LESÃO SEGUIDA DE MORTE;NÃO SE APLICA;PESSOA FÍSICA;FEMININO;N/D;;BRASIL;;;;N/D;NÃO TEM DOENÇA RARA;;N/D;BRASIL;SP;BERTIOGA;N/D;N/D;N/D;N/D;N/D;N/D;PESSOA FÍSICA;N/D;N/D;N/D;BRASIL;;;;N/D;NÃO TEM DOENÇA RARA;NÃO SABE INFORMAR;N/D;BRASIL;SP;BERTIOGA;N/D;N/D;N/D;N/D;N/D;N/D;;N/D;N/D;N/D;LIBERDADE>DIREITOS INDIVIDUAIS>TRÁFICO DE PESSOAS - NACIONAL
54f5e47714ef9d90097955bc4cf22e5c;07/03/2022 16:08;TELEFÔNICO;RISCO IMINENTE DE MORTE DA VÍTIMA;TERCEIRO;CASA DO SUSPEITO;BRASIL;SP;SÃO PAULO;OCASIONALMENTE;HÁ MAIS DE UM ANO;10;VIOLÊNCIA CONTRA CRIANÇA OU ADOLESCENTE;POR MOTIVO VIL, TORPE, INSIDIOSO, CRUEL, À TRAIÇÃO, OU POR DINHEIRO;OUTROS;COMUNIDADE;N/D;N/D;;BRASIL;;;;N/D;N/D;;N/D;BRASIL;SP;SÃO PAULO;N/D;N/D;N/D;N/D;N/D;N/D;COMUNIDADE;N/D;N/D;N/D;BRASIL;;;;N/D;N/D;NÃO SABE INFORMAR;N/D;BRASIL;SP;SÃO PAULO;N/D;N/D;N/D;N/D;N/D;N/D;;N/D;N/D;N/D;LIBERDADE>DIREITOS INDIVIDUAIS>TRÁFICO DE PESSOAS - NACIONAL
435d63b04dd10a1c7958caae4c0d4ec7;24/03/2022 22:19;TELEFÔNICO;NÃO;TERCEIRO;BAR, RESTAURANTE, LANCHONETE;BRASIL;PE;SÃO CAITANO;OCASIONALMENTE;N/D;10;VIOLÊNCIA CONTRA CRIANÇA OU ADOLESCENTE;PARA FINS DE EXPLORAÇÃO SEXUAL;CUIDADOR(A);COMUNIDADE;N/D;N/D;;N/D;;;;N/D;N/D;;N/D;BRASIL;PE;SÃO CAITANO;N/D;N/D;N/D;N/D;N/D;N/D;PESSOA JURÍDICA DE DIREITO PRIVADO;N/D;N/D;N/D;N/D;;;;N/D;N/D;NÃO SABE INFORMAR;N/D;BRASIL;PE;SÃO CAITANO;N/D;N/D;N/D;N/D;N/D;N/D;;N/D;N/D;N/D;LIBERDADE>DIREITOS INDIVIDUAIS>TRÁFICO DE PESSOAS - NACIONAL
719adcc9524163f260d46e4ffe0bf22a;17/03/2022 13:45;E-MAIL;NÃO;ANÔNIMO;CASA DA VÍTIMA;ALEMANHA;N/D;N/D;OCASIONALMENTE;HÁ MAIS DE UM ANO;10;VIOLÊNCIA CONTRA CRIANÇA OU ADOLESCENTE;POR VIOLÊNCIA INSTITUCIONAL;NÃO SE APLICA;PESSOA FÍSICA;MASCULINO;N/D;12 A 14 ANOS;ALEMANHA;;;;N/D;NÃO TEM DOENÇA RARA;;N/D;ALEMANHA;DENUNCIANTE NÃO SOUBE INFORMAR;N/D;N/D;N/D;N/D;N/D;N/D;N/D;ÓRGÃO PÚBLICO;N/D;N/D;N/D;N/D;;;;N/D;NÃO TEM DOENÇA RARA;NÃO SABE INFORMAR;N/D;ALEMANHA;N/D;N/D;N/D;N/D;N/D;N/D;N/D;N/D;;N/D;N/D;N/D;LIBERDADE>DIREITOS INDIVIDUAIS>TRÁFICO DE PESSOAS - INTERNACIONAL
e378f7a4a71964d768ec5925ddc6edac;16/03/2022 00:25;TELEFÔNICO;SITUAÇÃO FLAGRANTE - ATÉ 24H DA OCORRÊNCIA - SEM FREQUÊNCIA;TERCEIRO;AMBIENTE VIRTUAL (NO ÂMBITO DA INTERNET);BRASIL;N/D;N/D;ÚNICA OCORRÊNCIA;NÃO SE APLICA;10;VIOLÊNCIA CONTRA CRIANÇA OU ADOLESCENTE;EM RAZÃO DA IDADE;NÃO SE APLICA;COMUNIDADE;N/D;N/D;;N/D;;;;N/D;N/D;;N/D;BRASIL;MG;BELO HORIZONTE;N/D;N/D;N/D;N/D;N/D;N/D;PESSOA FÍSICA;N/D;N/D;N/D;BRASIL;;;;N/D;NÃO TEM DOENÇA RARA;NÃO SABE INFORMAR;N/D;BRASIL;MG;BELO HORIZONTE;N/D;N/D;N/D;N/D;N/D;N/D;;N/D;N/D;N/D;LIBERDADE>DIREITOS INDIVIDUAIS>TRÁFICO DE PESSOAS - INTERNACIONAL
f4cd3f9c2c09895bafee35766db43323;25/03/2022 13:56;TELEFÔNICO;RISCO IMINENTE DE MORTE DA VÍTIMA;ANÔNIMO;CASA DO SUSPEITO;BRASIL;MG;DIVINOLÂNDIA DE MINAS;DIARIAMENTE;HÁ MAIS DE UM ANO;10;VIOLAÇÃO DE DIREITOS HUMANOS;N/D;DESCONHECIDO(A);COMUNIDADE;N/D;N/D;;BRASIL;;;;N/D;N/D;;N/D;BRASIL;MG;DIVINOLÂNDIA DE MINAS;N/D;N/D;N/D;N/D;N/D;N/D;PESSOA FÍSICA;FEMININO;N/D;55 A 59 ANOS;BRASIL;NATO;MG;VIRGINÓPOLIS;N/D;NÃO TEM DOENÇA RARA;NÃO SABE INFORMAR;N/D;BRASIL;MG;DIVINOLÂNDIA DE MINAS;N/D;N/D;SEM RELIGIÃO;PARDA;N/D;N/D;;N/D;N/D;N/D;LIBERDADE>DIREITOS INDIVIDUAIS>TRÁFICO DE PESSOAS - INTERNACIONAL
d2fac557aedfea1afea549897cb128fe;14/04/2022 10:50;TELEFÔNICO;SITUAÇÃO FLAGRANTE - ATÉ 24H DA OCORRÊNCIA - SEM FREQUÊNCIA;ANÔNIMO;CASA ONDE RESIDE A VÍTIMA E O SUSPEITO;BRASIL;MG;BELO HORIZONTE;ÚNICA OCORRÊNCIA;NÃO SE APLICA;20;VIOLÊNCIA CONTRA CRIANÇA OU ADOLESCENTE;FOI PRATICADO POR DUAS OU MAIS PESSOAS;N/D;PESSOA FÍSICA;FEMININO;N/D;RECÉM NASCIDO (ATÉ 90 DIAS ? 3 MESES);BRASIL;;;;N/D;NÃO TEM DOENÇA RARA;NÃO;NÃO;BRASIL;MG;BELO HORIZONTE;N/D;N/D;N/D;PARDA;N/D;N/D;PESSOA FÍSICA;FEMININO;N/D;45 A 49 ANOS;BRASIL;;;;N/D;NÃO TEM DOENÇA RARA;NÃO;NÃO;BRASIL;MG;BELO HORIZONTE;N/D;N/D;N/D;BRANCA;N/D;N/D;;N/D;N/D;N/D;LIBERDADE>DIREITOS INDIVIDUAIS>TRÁFICO DE PESSOAS - NACIONAL
f18d3ab99dae2f4f1f7c2eee09484ed3;14/04/2022 10:50;TELEFÔNICO;SITUAÇÃO FLAGRANTE - ATÉ 24H DA OCORRÊNCIA - SEM FREQUÊNCIA;ANÔNIMO;CASA ONDE RESIDE A VÍTIMA E O SUSPEITO;BRASIL;MG;BELO HORIZONTE;ÚNICA OCORRÊNCIA;NÃO SE APLICA;20;VIOLÊNCIA CONTRA CRIANÇA OU ADOLESCENTE;PARA FINS DE ADOÇÃO;N/D;PESSOA FÍSICA;FEMININO;N/D;RECÉM NASCIDO (ATÉ 90 DIAS ? 3 MESES);BRASIL;;;;N/D;NÃO TEM DOENÇA RARA;NÃO;NÃO;BRASIL;MG;BELO HORIZONTE;N/D;N/D;N/D;PARDA;N/D;N/D;PESSOA FÍSICA;MASCULINO;N/D;35 A 39 ANOS;BRASIL;;;;N/D;NÃO TEM DOENÇA RARA;NÃO;NÃO;BRASIL;MG;BELO HORIZONTE;N/D;N/D;N/D;PARDA;N/D;N/D;;N/D;N/D;N/D;LIBERDADE>DIREITOS INDIVIDUAIS>TRÁFICO DE PESSOAS - NACIONAL
3eb4c90aa2217517ac9b421cc0fbe1fa;07/04/2022 18:58;TELEFÔNICO;NÃO;TERCEIRO;LOJA;BRASIL;BA;SALVADOR;DIARIAMENTE;HÁ MAIS DE UM ANO;20;VIOLÊNCIA CONTRA CRIANÇA OU ADOLESCENTE;POR CONDUTAS EXCESSIVAS/ DESNECESSÁRIAS/ DESACONSELHADAS;MÃE;PESSOA FÍSICA;FEMININO;N/D;00 A 01 ANO;BRASIL;NATO;BA;SALVADOR;N/D;NÃO TEM DOENÇA RARA;;N/D;BRASIL;BA;SALVADOR;N/D;N/D;N/D;PARDA;N/D;N/D;PESSOA FÍSICA;FEMININO;N/D;30 A 34 ANOS;BRASIL;NATO;BA;SALVADOR;N/D;NÃO TEM DOENÇA RARA;NÃO SABE INFORMAR;N/D;BRASIL;BA;SALVADOR;N/D;N/D;N/D;BRANCA;N/D;N/D;;N/D;N/D;N/D;LIBERDADE>DIREITOS INDIVIDUAIS>TRÁFICO DE PESSOAS - NACIONAL
abcc23cdf31c8da485728f5609522fdc;07/04/2022 18:58;TELEFÔNICO;NÃO;TERCEIRO;LOJA;BRASIL;BA;SALVADOR;DIARIAMENTE;HÁ MAIS DE UM ANO;20;VIOLÊNCIA CONTRA CRIANÇA OU ADOLESCENTE;POR CONDUTAS EXCESSIVAS/ DESNECESSÁRIAS/ DESACONSELHADAS;PAI;PESSOA FÍSICA;FEMININO;N/D;00 A 01 ANO;BRASIL;NATO;BA;SALVADOR;N/D;NÃO TEM DOENÇA RARA;;N/D;BRASIL;BA;SALVADOR;N/D;N/D;N/D;PARDA;N/D;N/D;PESSOA FÍSICA;FEMININO;N/D;35 A 39 ANOS;BRASIL;NATO;BA;SALVADOR;N/D;NÃO TEM DOENÇA RARA;NÃO SABE INFORMAR;N/D;BRASIL;BA;SALVADOR;N/D;N/D;N/D;PARDA;N/D;N/D;;N/D;N/D;N/D;LIBERDADE>DIREITOS INDIVIDUAIS>TRÁFICO DE PESSOAS - NACIONAL
54340a1750edb8931c0b5d5fdd03a80c;06/04/2022 13:27;TELEFÔNICO;NÃO;TERCEIRO;AMBIENTE VIRTUAL (NO ÂMBITO DA INTERNET);BRASIL;N/D;N/D;DIARIAMENTE;HÁ MAIS DE SEIS MESES;10;VIOLÊNCIA CONTRA CRIANÇA OU ADOLESCENTE;POR CONDUTAS EXCESSIVAS/ DESNECESSÁRIAS/ DESACONSELHADAS;DESCONHECIDO(A);COMUNIDADE;N/D;N/D;;BRASIL;;;;N/D;N/D;;N/D;BRASIL;DENUNCIANTE NÃO SOUBE INFORMAR;N/D;N/D;N/D;N/D;N/D;DEMAIS COMUNIDADES TRADICIONAIS;N/D;COMUNIDADE;N/D;N/D;N/D;BRASIL;;;;N/D;N/D;NÃO SABE INFORMAR;N/D;BRASIL;N/D;N/D;N/D;N/D;N/D;N/D;POVOS E COMUNIDADES TRADICIONAIS;N/D;;N/D;NÃO INFORMADO;N/D;LIBERDADE>DIREITOS INDIVIDUAIS>TRÁFICO DE PESSOAS - INTERNACIONAL
54340a1750edb8931c0b5d5fdd03a80c;06/04/2022 13:27;TELEFÔNICO;NÃO;TERCEIRO;AMBIENTE VIRTUAL (NO ÂMBITO DA INTERNET);BRASIL;N/D;N/D;DIARIAMENTE;HÁ MAIS DE SEIS MESES;10;VIOLÊNCIA CONTRA CRIANÇA OU ADOLESCENTE;EM PÚBLICO OU POR MEIO QUE FACILITE A DIVULGAÇÃO/ NO ÂMBITO DA INTERNET;DESCONHECIDO(A);COMUNIDADE;N/D;N/D;;BRASIL;;;;N/D;N/D;;N/D;BRASIL;DENUNCIANTE NÃO SOUBE INFORMAR;N/D;N/D;N/D;N/D;N/D;DEMAIS COMUNIDADES TRADICIONAIS;N/D;COMUNIDADE;N/D;N/D;N/D;BRASIL;;;;N/D;N/D;NÃO SABE INFORMAR;N/D;BRASIL;N/D;N/D;N/D;N/D;N/D;N/D;POVOS E COMUNIDADES TRADICIONAIS;N/D;;N/D;NÃO INFORMADO;N/D;LIBERDADE>DIREITOS INDIVIDUAIS>TRÁFICO DE PESSOAS - NACIONAL
91e17607a6529da7239a14c547dcfbee;26/04/2022 22:55;TELEFÔNICO;NÃO;A PRÓPRIA VÍTIMA;AMBIENTE VIRTUAL (NO ÂMBITO DA INTERNET);BRASIL;N/D;N/D;OCASIONALMENTE;HÁ UMA SEMANA;20;VIOLÊNCIA CONTRA PESSOA SOCIALMENTE VULNERÁVEL;EM PÚBLICO OU POR MEIO QUE FACILITE A DIVULGAÇÃO/ NO ÂMBITO DA INTERNET;DESCONHECIDO(A);PESSOA FÍSICA;MASCULINO;N/D;25 A 29 ANOS;BRASIL;;;;N/D;NÃO TEM DOENÇA RARA;;N/D;BRASIL;SP;INDAIATUBA;MASSOTERAPEUTA;SUPERIOR INCOMPLETO;UMBANDA;PARDA;N/D;3 A 5 SM ;PESSOA FÍSICA;MASCULINO;N/D;40 A 44 ANOS;BRASIL;;;;N/D;NÃO TEM DOENÇA RARA;NÃO SABE INFORMAR;N/D;FRANÇA;N/D;N/D;N/D;N/D;N/D;BRANCA;N/D;N/D;;N/D;N/D;N/D;LIBERDADE>DIREITOS INDIVIDUAIS>TRÁFICO DE PESSOAS - INTERNACIONAL
d1631a86d13998d12179505335867ff4;27/04/2022 12:53;TELEFÔNICO;NÃO;TERCEIRO;CASA DA VÍTIMA;BRASIL;RJ;SÃO PEDRO DA ALDEIA;DIARIAMENTE;HÁ MAIS DE UM ANO;20;VIOLÊNCIA CONTRA CRIANÇA OU ADOLESCENTE;N/D;DESCONHECIDO(A);PESSOA FÍSICA;N/D;N/D;10 A 11 ANOS;BRASIL;;;;N/D;NÃO TEM DOENÇA RARA;;N/D;BRASIL;RJ;SÃO PEDRO DA ALDEIA;N/D;N/D;N/D;N/D;N/D;N/D;PESSOA FÍSICA;MASCULINO;N/D;70 A 74 ANOS;BRASIL;;;;N/D;NÃO TEM DOENÇA RARA;NÃO SABE INFORMAR;N/D;BRASIL;RJ;SÃO PEDRO DA ALDEIA;COMERCIANTE VAREJISTA;N/D;UNIVERSAL DO REINO DE DEUS;BRANCA;N/D;N/D;;N/D;N/D;N/D;LIBERDADE>DIREITOS INDIVIDUAIS>TRÁFICO DE PESSOAS - NACIONAL
92d47fe182e07e69cd67a1e6f54b040c;27/04/2022 12:53;TELEFÔNICO;NÃO;TERCEIRO;CASA DA VÍTIMA;BRASIL;RJ;SÃO PEDRO DA ALDEIA;DIARIAMENTE;HÁ MAIS DE UM ANO;20;VIOLÊNCIA CONTRA CRIANÇA OU ADOLESCENTE;N/D;DESCONHECIDO(A);PESSOA FÍSICA;N/D;N/D;10 A 11 ANOS;BRASIL;;;;N/D;NÃO TEM DOENÇA RARA;;N/D;BRASIL;RJ;SÃO PEDRO DA ALDEIA;N/D;N/D;N/D;N/D;N/D;N/D;PESSOA FÍSICA;FEMININO;N/D;60 A 64 ANOS;BRASIL;;;;N/D;NÃO TEM DOENÇA RARA;NÃO SABE INFORMAR;N/D;BRASIL;RJ;SÃO PEDRO DA ALDEIA;COMERCIANTE VAREJISTA;N/D;UNIVERSAL DO REINO DE DEUS;PARDA;N/D;N/D;;N/D;N/D;N/D;LIBERDADE>DIREITOS INDIVIDUAIS>TRÁFICO DE PESSOAS - INTERNACIONAL
a130ef916bdbb618e334806d5584accc;28/04/2022 02:53;TELEFÔNICO;SITUAÇÃO FLAGRANTE - ATÉ 24H DA OCORRÊNCIA - SEM FREQUÊNCIA;ANÔNIMO;CASA NOTURNA;BRASIL;GO;GOIÂNIA;ÚNICA OCORRÊNCIA;NÃO SE APLICA;10;VIOLÊNCIA CONTRA CRIANÇA OU ADOLESCENTE;N/D;MESMO NÍVEL HIERÁRQUICO;PESSOA FÍSICA;N/D;N/D;;BRASIL;NATO;GO;GOIÂNIA;N/D;NÃO TEM DOENÇA RARA;;NÃO;BRASIL;GO;GOIÂNIA;N/D;ENSINO FUNDAMENTAL INCOMPLETO;N/D;BRANCA;N/D;1 A 3 SM;PESSOA JURÍDICA DE DIREITO PRIVADO;N/D;N/D;N/D;BRASIL;;;;N/D;N/D;NÃO SABE INFORMAR;N/D;BRASIL;GO;GOIÂNIA;N/D;N/D;N/D;N/D;N/D;N/D;;N/D;N/D;N/D;LIBERDADE>DIREITOS INDIVIDUAIS>TRÁFICO DE PESSOAS - NACIONAL
d1631a86d13998d12179505335867ff4;27/04/2022 12:53;TELEFÔNICO;NÃO;TERCEIRO;CASA DA VÍTIMA;BRASIL;RJ;SÃO PEDRO DA ALDEIA;DIARIAMENTE;HÁ MAIS DE UM ANO;20;VIOLÊNCIA CONTRA CRIANÇA OU ADOLESCENTE;N/D;DESCONHECIDO(A);PESSOA FÍSICA;N/D;N/D;10 A 11 ANOS;BRASIL;;;;N/D;NÃO TEM DOENÇA RARA;;N/D;BRASIL;RJ;SÃO PEDRO DA ALDEIA;N/D;N/D;N/D;N/D;N/D;N/D;PESSOA FÍSICA;MASCULINO;N/D;70 A 74 ANOS;BRASIL;;;;N/D;NÃO TEM DOENÇA RARA;NÃO SABE INFORMAR;N/D;BRASIL;RJ;SÃO PEDRO DA ALDEIA;COMERCIANTE VAREJISTA;N/D;UNIVERSAL DO REINO DE DEUS;BRANCA;N/D;N/D;;N/D;N/D;N/D;LIBERDADE>DIREITOS INDIVIDUAIS>TRÁFICO DE PESSOAS - INTERNACIONAL
cbba4761f54de8a91b9aed3265a2d5c6;26/04/2022 22:55;TELEFÔNICO;NÃO;A PRÓPRIA VÍTIMA;AMBIENTE VIRTUAL (NO ÂMBITO DA INTERNET);BRASIL;N/D;N/D;OCASIONALMENTE;HÁ UMA SEMANA;20;VIOLÊNCIA CONTRA PESSOA COM DEFICIÊNCIA;EM PÚBLICO OU POR MEIO QUE FACILITE A DIVULGAÇÃO/ NO ÂMBITO DA INTERNET;EX-MARIDO;PESSOA FÍSICA;FEMININO;N/D;40 A 44 ANOS;BRASIL;;;;N/D;NÃO TEM DOENÇA RARA;;N/D;FRANÇA;N/D;N/D;N/D;N/D;N/D;N/D;N/D;N/D;PESSOA FÍSICA;MASCULINO;N/D;40 A 44 ANOS;BRASIL;;;;N/D;NÃO TEM DOENÇA RARA;NÃO SABE INFORMAR;N/D;FRANÇA;N/D;N/D;N/D;N/D;N/D;BRANCA;N/D;N/D;;N/D;N/D;N/D;LIBERDADE>DIREITOS INDIVIDUAIS>TRÁFICO DE PESSOAS - INTERNACIONAL
a1d8473a2347739892a11c7671df8e28;23/04/2022 15:08;TELEFÔNICO;NÃO;TERCEIRO;CASA ONDE RESIDE A VÍTIMA E O SUSPEITO;BRASIL;PR;CURITIBA;DIARIAMENTE;HÁ UM MÊS;30;VIOLÊNCIA CONTRA CRIANÇA OU ADOLESCENTE;NA RELAÇÃO FAMILIAR;MÃE;PESSOA FÍSICA;FEMININO;N/D;05 A 06 ANOS;BRASIL;NATO;PR;CURITIBA;N/D;NÃO TEM DOENÇA RARA;;NÃO;BRASIL;PR;CURITIBA;N/D;N/D;SEM RELIGIÃO;BRANCA;N/D;1 A 3 SM;PESSOA FÍSICA;FEMININO;N/D;30 A 34 ANOS;BRASIL;NATO;PR;CURITIBA;N/D;NÃO TEM DOENÇA RARA;NÃO SABE INFORMAR;NÃO;BRASIL;PR;CURITIBA;N/D;N/D;SEM RELIGIÃO;BRANCA;N/D;1 A 3 SM;;N/D;N/D;N/D;LIBERDADE>DIREITOS INDIVIDUAIS>TRÁFICO DE PESSOAS - NACIONAL
a251a9daba2d19f7a0f13b4d97eee378;26/04/2022 12:58;TELEFÔNICO;SITUAÇÃO FLAGRANTE - ATÉ 24H DA OCORRÊNCIA - SEM FREQUÊNCIA;TERCEIRO;OUTROS;BRASIL;PR;CURITIBA;ÚNICA OCORRÊNCIA;NÃO SE APLICA;10;VIOLÊNCIA CONTRA CRIANÇA OU ADOLESCENTE;PARA OBTENÇÃO DE BENEFÍCIO FINANCEIRO/ GANÂNCIA;DESCONHECIDO(A);COMUNIDADE;N/D;N/D;;BRASIL;;;;N/D;N/D;;N/D;BRASIL;DENUNCIANTE NÃO SOUBE INFORMAR;N/D;N/D;N/D;N/D;N/D;N/D;N/D;PESSOA FÍSICA;MASCULINO;N/D;70 A 74 ANOS;BRASIL;NATO;PR;CURITIBA;NÃO TEM DEFICIÊNCIA;NÃO TEM DOENÇA RARA;NÃO SABE INFORMAR;N/D;BRASIL;N/D;N/D;SÍNDICO;N/D;N/D;BRANCA;N/D;N/D;;N/D;N/D;N/D;LIBERDADE>DIREITOS INDIVIDUAIS>TRÁFICO DE PESSOAS - INTERNACIONAL
a7dfab45ff6c1b1514950b4ecbe4f961;27/04/2022 12:06;TELEFÔNICO;NÃO;PESSOA EM SOFRIMENTO PSÍQUICO;ÓRGÃOS PÚBLICOS;BRASIL;CE;CRATO;DIARIAMENTE;HÁ MAIS DE CINCO ANOS;50;VIOLÊNCIA CONTRA CRIANÇA OU ADOLESCENTE;EM RAZÃO DA IDADE;NÃO SE APLICA;PESSOA FÍSICA;FEMININO;N/D;12 A 14 ANOS;BRASIL;NATO;CE;CRATO;N/D;NÃO TEM DOENÇA RARA;;NÃO;BRASIL;CE;SANTANA DO CARIRI;N/D;N/D;N/D;BRANCA;N/D;N/D;PESSOA FÍSICA;MASCULINO;N/D;50 A 54 ANOS;BRASIL;;;;N/D;NÃO TEM DOENÇA RARA;NÃO SABE INFORMAR;N/D;BRASIL;CE;CRATO;MÉDICO 101;SUPERIOR COMPLETO;N/D;PARDA;N/D;N/D;;N/D;N/D;N/D;LIBERDADE>DIREITOS INDIVIDUAIS>TRÁFICO DE PESSOAS - NACIONAL
4a40e8bfbb7778ffa4a3903cd567c2c5;27/04/2022 12:06;TELEFÔNICO;NÃO;PESSOA EM SOFRIMENTO PSÍQUICO;ÓRGÃOS PÚBLICOS;BRASIL;CE;CRATO;DIARIAMENTE;HÁ MAIS DE CINCO ANOS;50;VIOLÊNCIA CONTRA CRIANÇA OU ADOLESCENTE;EM RAZÃO DA IDADE;NÃO SE APLICA;PESSOA FÍSICA;FEMININO;N/D;12 A 14 ANOS;BRASIL;NATO;SP;SÃO PAULO;N/D;NÃO TEM DOENÇA RARA;;NÃO;BRASIL;CE;ASSARÉ;N/D;ENSINO FUNDAMENTAL INCOMPLETO;N/D;BRANCA;N/D;N/D;PESSOA FÍSICA;FEMININO;N/D;50 A 54 ANOS;BRASIL;;;;N/D;NÃO TEM DOENÇA RARA;NÃO SABE INFORMAR;N/D;BRASIL;CE;JUAZEIRO DO NORTE;ADVOGADO;SUPERIOR COMPLETO;N/D;BRANCA;N/D;N/D;;N/D;N/D;N/D;LIBERDADE>DIREITOS INDIVIDUAIS>TRÁFICO DE PESSOAS - NACIONAL
a130ef916bdbb618e334806d5584accc;28/04/2022 02:53;TELEFÔNICO;SITUAÇÃO FLAGRANTE - ATÉ 24H DA OCORRÊNCIA - SEM FREQUÊNCIA;ANÔNIMO;CASA NOTURNA;BRASIL;GO;GOIÂNIA;ÚNICA OCORRÊNCIA;NÃO SE APLICA;10;VIOLÊNCIA CONTRA CRIANÇA OU ADOLESCENTE;N/D;MESMO NÍVEL HIERÁRQUICO;PESSOA FÍSICA;N/D;N/D;;BRASIL;NATO;GO;GOIÂNIA;N/D;NÃO TEM DOENÇA RARA;;NÃO;BRASIL;GO;GOIÂNIA;N/D;ENSINO FUNDAMENTAL INCOMPLETO;N/D;BRANCA;N/D;1 A 3 SM;PESSOA JURÍDICA DE DIREITO PRIVADO;N/D;N/D;N/D;BRASIL;;;;N/D;N/D;NÃO SABE INFORMAR;N/D;BRASIL;GO;GOIÂNIA;N/D;N/D;N/D;N/D;N/D;N/D;;N/D;N/D;N/D;LIBERDADE>DIREITOS INDIVIDUAIS>TRÁFICO DE PESSOAS - INTERNACIONAL
3777460cb719ba6aa80f9cbe6e60cdda;25/04/2022 10:04;TELEFÔNICO;NÃO;ANÔNIMO;OUTROS;BRASIL;RS;CAXIAS DO SUL;DIARIAMENTE;HÁ UM MÊS;10;VIOLÊNCIA CONTRA POPULAÇÃO LGBTQIA+;PARA OBTENÇÃO DE BENEFÍCIO FINANCEIRO/ GANÂNCIA;DESCONHECIDO(A);COMUNIDADE;N/D;N/D;;N/D;;;;N/D;N/D;;N/D;BRASIL;RS;CAXIAS DO SUL;N/D;N/D;N/D;N/D;N/D;N/D;PESSOA FÍSICA;FEMININO;N/D;35 A 39 ANOS;BRASIL;;;;NÃO TEM DEFICIÊNCIA;NÃO TEM DOENÇA RARA;NÃO SABE INFORMAR;N/D;BRASIL;RS;CAXIAS DO SUL;N/D;N/D;N/D;PARDA;N/D;N/D;;N/D;N/D;N/D;LIBERDADE>DIREITOS INDIVIDUAIS>TRÁFICO DE PESSOAS - NACIONAL
700cd6d796a79fa66ac87c00d28172f4;22/04/2022 13:25;TELEFÔNICO;NÃO;A PRÓPRIA VÍTIMA;CASA DA VÍTIMA;BRASIL;SC;DIONÍSIO CERQUEIRA;DIARIAMENTE;HÁ MAIS DE UM ANO;10;VIOLÊNCIA CONTRA PESSOA SOCIALMENTE VULNERÁVEL;N/D;DESCONHECIDO(A);PESSOA FÍSICA;MASCULINO;N/D;50 A 54 ANOS;BRASIL;;;;N/D;NÃO TEM DOENÇA RARA;;N/D;BRASIL;SC;DIONÍSIO CERQUEIRA;N/D;ENSINO MÉDIO COMPLETO;N/D;PARDA;N/D;N/D;PESSOA FÍSICA;MASCULINO;N/D;N/D;BRASIL;;;;N/D;NÃO TEM DOENÇA RARA;NÃO SABE INFORMAR;N/D;BRASIL;PR;BARRACÃO;N/D;N/D;N/D;PARDA;N/D;N/D;;N/D;N/D;N/D;LIBERDADE>DIREITOS INDIVIDUAIS>TRÁFICO DE PESSOAS - INTERNACIONAL
531231cb871d0c0ab198e76f1de1f902;12/05/2022 21:33;TELEFÔNICO;SITUAÇÃO FLAGRANTE - ATÉ 24H DA OCORRÊNCIA - SEM FREQUÊNCIA;ANÔNIMO;ÔNIBUS;BRASIL;SP;SÃO PAULO;ÚNICA OCORRÊNCIA;NÃO SE APLICA;10;VIOLÊNCIA CONTRA CRIANÇA OU ADOLESCENTE;PARA FINS DE EXPLORAÇÃO DO TRABALHO.OUTROS;DESCONHECIDO(A);PESSOA FÍSICA;FEMININO;N/D;;BRASIL;NATO;DENUNCIANTE NÃO SOUBE INFORMAR;;N/D;NÃO TEM DOENÇA RARA;;NÃO;BRASIL;DENUNCIANTE NÃO SOUBE INFORMAR;N/D;N/D;N/D;N/D;N/D;N/D;N/D;PESSOA FÍSICA;MASCULINO;N/D;55 A 59 ANOS;BRASIL;NATO;DENUNCIANTE NÃO SOUBE INFORMAR;;N/D;NÃO TEM DOENÇA RARA;NÃO SABE INFORMAR;N/D;BRASIL;N/D;N/D;N/D;N/D;N/D;N/D;N/D;N/D;;N/D;N/D;N/D;LIBERDADE>DIREITOS INDIVIDUAIS>TRÁFICO DE PESSOAS - INTERNACIONAL
b954fe35bb2acb7d1162ac579a0d329e;01/05/2022 12:20;TELEFÔNICO;NÃO;TERCEIRO;CASA ONDE RESIDE A VÍTIMA E O SUSPEITO;BRASIL;AM;MANAUS;DIARIAMENTE;HÁ UM MÊS;10;VIOLÊNCIA CONTRA CRIANÇA OU ADOLESCENTE;N/D;DESCONHECIDO(A);PESSOA FÍSICA;MASCULINO;N/D;02 A 04 ANOS;BRASIL;NATO;DENUNCIANTE NÃO SOUBE INFORMAR;;N/D;NÃO TEM DOENÇA RARA;NÃO;NÃO;BRASIL;AM;MANAUS;N/D;N/D;N/D;PARDA;N/D;N/D;PESSOA FÍSICA;FEMININO;N/D;25 A 29 ANOS;BRASIL;NATO;AM;MANAUS;N/D;NÃO TEM DOENÇA RARA;NÃO;NÃO;BRASIL;AM;MANAUS;N/D;ENSINO FUNDAMENTAL INCOMPLETO;N/D;PARDA;N/D;ATÉ 1 SM;;N/D;N/D;N/D;LIBERDADE>DIREITOS INDIVIDUAIS>TRÁFICO DE PESSOAS - NACIONAL
841dafca282c840b4a644b2276da6159;27/05/2022 16:22;TELEFÔNICO;NÃO;TERCEIRO;OUTROS;BRASIL;GO;BONÓPOLIS;ÚNICA OCORRÊNCIA;NÃO SE APLICA;40;VIOLÊNCIA CONTRA CRIANÇA OU ADOLESCENTE;FOI PRATICADO POR DUAS OU MAIS PESSOAS;OUTROS;PESSOA FÍSICA;FEMININO;N/D;RECÉM NASCIDO (ATÉ 90 DIAS ? 3 MESES);BRASIL;;;;N/D;NÃO TEM DOENÇA RARA;;N/D;BRASIL;GO;SÃO MIGUEL DO ARAGUAIA;N/D;N/D;N/D;PRETA;N/D;N/D;PESSOA FÍSICA;FEMININO;N/D;N/D;BRASIL;;;;N/D;NÃO TEM DOENÇA RARA;NÃO SABE INFORMAR;N/D;BRASIL;GO;INHUMAS;N/D;N/D;N/D;N/D;N/D;N/D;;N/D;N/D;N/D;LIBERDADE>DIREITOS INDIVIDUAIS>TRÁFICO DE PESSOAS - NACIONAL
f585bc8f7823850fb2b4ce43841d13d4;23/05/2022 22:15;WHATSAPP;NÃO;TERCEIRO;ÓRGÃOS PÚBLICOS;BRASIL;CE;ASSARÉ;ÚNICA OCORRÊNCIA;NÃO SE APLICA;60;VIOLÊNCIA CONTRA CRIANÇA OU ADOLESCENTE;EM RAZÃO DA IDADE;OUTROS;PESSOA FÍSICA;FEMININO;N/D;10 A 11 ANOS;BRASIL;;;;N/D;NÃO TEM DOENÇA RARA;NÃO SABE INFORMAR;N/D;BRASIL;ATENDIMENTO INTERROMPIDO;N/D;N/D;N/D;N/D;N/D;N/D;N/D;ÓRGÃO PÚBLICO;N/D;N/D;N/D;N/D;;;;N/D;N/D;NÃO SABE INFORMAR;N/D;BRASIL;N/D;N/D;N/D;N/D;N/D;N/D;N/D;N/D;;N/D;N/D;N/D;LIBERDADE>DIREITOS INDIVIDUAIS>TRÁFICO DE PESSOAS - INTERNACIONAL
f585bc8f7823850fb2b4ce43841d13d4;23/05/2022 22:15;WHATSAPP;NÃO;TERCEIRO;ÓRGÃOS PÚBLICOS;BRASIL;CE;ASSARÉ;ÚNICA OCORRÊNCIA;NÃO SE APLICA;60;VIOLÊNCIA CONTRA CRIANÇA OU ADOLESCENTE;EM RAZÃO DA IDADE;OUTROS;PESSOA FÍSICA;FEMININO;N/D;10 A 11 ANOS;BRASIL;NATO;;;N/D;NÃO TEM DOENÇA RARA;;N/D;BRASIL;CE;ATENDIMENTO INTERRPOMPIDO;N/D;N/D;N/D;N/D;N/D;N/D;ÓRGÃO PÚBLICO;N/D;N/D;N/D;N/D;;;;N/D;N/D;NÃO SABE INFORMAR;N/D;BRASIL;N/D;N/D;N/D;N/D;N/D;N/D;N/D;N/D;;N/D;N/D;N/D;LIBERDADE>DIREITOS INDIVIDUAIS>TRÁFICO DE PESSOAS - NACIONAL
6362b17d072be85a138c40989e645ec1;23/05/2022 22:15;WHATSAPP;NÃO;TERCEIRO;ÓRGÃOS PÚBLICOS;BRASIL;CE;ASSARÉ;ÚNICA OCORRÊNCIA;NÃO SE APLICA;60;VIOLÊNCIA CONTRA CRIANÇA OU ADOLESCENTE;POR CONDUTAS EXCESSIVAS/ DESNECESSÁRIAS/ DESACONSELHADAS;OUTROS;PESSOA FÍSICA;FEMININO;N/D;12 A 14 ANOS;BRASIL;;;;N/D;NÃO TEM DOENÇA RARA;;N/D;BRASIL;CE;ASSARÉ;N/D;N/D;N/D;N/D;N/D;N/D;ÓRGÃO PÚBLICO;N/D;N/D;N/D;N/D;;;;N/D;N/D;NÃO SABE INFORMAR;N/D;BRASIL;N/D;N/D;N/D;N/D;N/D;N/D;N/D;N/D;;N/D;N/D;N/D;LIBERDADE>DIREITOS INDIVIDUAIS>TRÁFICO DE PESSOAS - INTERNACIONAL
fe98c48ce3636be263dab63e8b46ea49;23/05/2022 22:15;WHATSAPP;NÃO;TERCEIRO;ÓRGÃOS PÚBLICOS;BRASIL;CE;ASSARÉ;ÚNICA OCORRÊNCIA;NÃO SE APLICA;60;VIOLÊNCIA CONTRA CRIANÇA OU ADOLESCENTE;EM RAZÃO DA IDADE;OUTROS;PESSOA FÍSICA;FEMININO;N/D;12 A 14 ANOS;BRASIL;NATO;;;N/D;NÃO TEM DOENÇA RARA;;N/D;BRASIL;CE;ASSARÉ;N/D;N/D;N/D;N/D;N/D;N/D;ÓRGÃO PÚBLICO;N/D;N/D;N/D;N/D;;;;N/D;N/D;NÃO SABE INFORMAR;N/D;BRASIL;CE;ATENDIMENTO INTERRPOMPIDO;N/D;N/D;N/D;N/D;N/D;N/D;;N/D;N/D;N/D;LIBERDADE>DIREITOS INDIVIDUAIS>TRÁFICO DE PESSOAS - NACIONAL
0f7317beca19f30f87c5ecac43f59e56;16/05/2022 22:06;TELEFÔNICO;NÃO;TERCEIRO;CASA DA VÍTIMA;BRASIL;GO;GOIÂNIA;DIARIAMENTE;HÁ MAIS DE UM ANO;30;VIOLÊNCIA CONTRA CRIANÇA OU ADOLESCENTE;EM RAZÃO DA IDADE;OUTROS;PESSOA FÍSICA;FEMININO;N/D;15 A 17 ANOS;BRASIL;;;;N/D;NÃO TEM DOENÇA RARA;;N/D;BRASIL;GO;GOIÂNIA;N/D;ENSINO MÉDIO COMPLETO;N/D;BRANCA;N/D;N/D;PESSOA FÍSICA;MASCULINO;N/D;30 A 34 ANOS;BRASIL;;;;N/D;NÃO TEM DOENÇA RARA;NÃO SABE INFORMAR;NÃO;BRASIL;GO;GOIÂNIA;POLICIAL MILITAR;SUPERIOR COMPLETO;N/D;PARDA;N/D;ACIMA DE 15 SM;;N/D;N/D;N/D;LIBERDADE>DIREITOS INDIVIDUAIS>TRÁFICO DE PESSOAS - NACIONAL
2263a2d5dae25a09ed81881fafef2f5d;16/05/2022 22:06;TELEFÔNICO;NÃO;TERCEIRO;CASA DA VÍTIMA;BRASIL;GO;GOIÂNIA;DIARIAMENTE;HÁ MAIS DE UM ANO;30;VIOLÊNCIA CONTRA CRIANÇA OU ADOLESCENTE;PARA FINS DE ATIVIDADE ILÍCITA;OUTROS;PESSOA FÍSICA;FEMININO;N/D;15 A 17 ANOS;BRASIL;NATO;DENUNCIANTE NÃO SOUBE INFORMAR;;N/D;NÃO TEM DOENÇA RARA;;N/D;BRASIL;GO;GOIÂNIA;N/D;ENSINO MÉDIO COMPLETO;N/D;BRANCA;N/D;N/D;PESSOA FÍSICA;FEMININO;N/D;30 A 34 ANOS;BRASIL;NATO;DENUNCIANTE NÃO SOUBE INFORMAR;;N/D;NÃO TEM DOENÇA RARA;NÃO SABE INFORMAR;NÃO;BRASIL;GO;GOIÂNIA;MOTORISTA DE CARRO DE PASSEIO;N/D;N/D;BRANCA;N/D;N/D;;N/D;N/D;N/D;LIBERDADE>DIREITOS INDIVIDUAIS>TRÁFICO DE PESSOAS - NACIONAL
fe98c48ce3636be263dab63e8b46ea49;23/05/2022 22:15;WHATSAPP;NÃO;TERCEIRO;ÓRGÃOS PÚBLICOS;BRASIL;CE;ASSARÉ;ÚNICA OCORRÊNCIA;NÃO SE APLICA;60;VIOLÊNCIA CONTRA CRIANÇA OU ADOLESCENTE;POR CONDUTAS EXCESSIVAS/ DESNECESSÁRIAS/ DESACONSELHADAS;OUTROS;PESSOA FÍSICA;FEMININO;N/D;12 A 14 ANOS;BRASIL;NATO;;;N/D;NÃO TEM DOENÇA RARA;;N/D;BRASIL;CE;ASSARÉ;N/D;N/D;N/D;N/D;N/D;N/D;ÓRGÃO PÚBLICO;N/D;N/D;N/D;N/D;;;;N/D;N/D;NÃO SABE INFORMAR;N/D;BRASIL;CE;ATENDIMENTO INTERRPOMPIDO;N/D;N/D;N/D;N/D;N/D;N/D;;N/D;N/D;N/D;LIBERDADE>DIREITOS INDIVIDUAIS>TRÁFICO DE PESSOAS - INTERNACIONAL
6362b17d072be85a138c40989e645ec1;23/05/2022 22:15;WHATSAPP;NÃO;TERCEIRO;ÓRGÃOS PÚBLICOS;BRASIL;CE;ASSARÉ;ÚNICA OCORRÊNCIA;NÃO SE APLICA;60;VIOLÊNCIA CONTRA CRIANÇA OU ADOLESCENTE;EM RAZÃO DA IDADE;OUTROS;PESSOA FÍSICA;FEMININO;N/D;12 A 14 ANOS;BRASIL;;;;N/D;NÃO TEM DOENÇA RARA;;N/D;BRASIL;CE;ASSARÉ;N/D;N/D;N/D;N/D;N/D;N/D;ÓRGÃO PÚBLICO;N/D;N/D;N/D;N/D;;;;N/D;N/D;NÃO SABE INFORMAR;N/D;BRASIL;N/D;N/D;N/D;N/D;N/D;N/D;N/D;N/D;;N/D;N/D;N/D;LIBERDADE>DIREITOS INDIVIDUAIS>TRÁFICO DE PESSOAS - NACIONAL
fe98c48ce3636be263dab63e8b46ea49;23/05/2022 22:15;WHATSAPP;NÃO;TERCEIRO;ÓRGÃOS PÚBLICOS;BRASIL;CE;ASSARÉ;ÚNICA OCORRÊNCIA;NÃO SE APLICA;60;VIOLÊNCIA CONTRA CRIANÇA OU ADOLESCENTE;EM RAZÃO DA IDADE;OUTROS;PESSOA FÍSICA;FEMININO;N/D;12 A 14 ANOS;BRASIL;NATO;;;N/D;NÃO TEM DOENÇA RARA;;N/D;BRASIL;CE;ASSARÉ;N/D;N/D;N/D;N/D;N/D;N/D;ÓRGÃO PÚBLICO;N/D;N/D;N/D;N/D;;;;N/D;N/D;NÃO SABE INFORMAR;N/D;BRASIL;CE;N/D;N/D;N/D;N/D;N/D;N/D;N/D;;N/D;N/D;N/D;LIBERDADE>DIREITOS INDIVIDUAIS>TRÁFICO DE PESSOAS - NACIONAL
f585bc8f7823850fb2b4ce43841d13d4;23/05/2022 22:15;WHATSAPP;NÃO;TERCEIRO;ÓRGÃOS PÚBLICOS;BRASIL;CE;ASSARÉ;ÚNICA OCORRÊNCIA;NÃO SE APLICA;60;VIOLÊNCIA CONTRA CRIANÇA OU ADOLESCENTE;POR CONDUTAS EXCESSIVAS/ DESNECESSÁRIAS/ DESACONSELHADAS;OUTROS;PESSOA FÍSICA;FEMININO;N/D;10 A 11 ANOS;BRASIL;NATO;;;N/D;NÃO TEM DOENÇA RARA;;N/D;BRASIL;CE;ATENDIMENTO INTERRPOMPIDO;N/D;N/D;N/D;N/D;N/D;N/D;ÓRGÃO PÚBLICO;N/D;N/D;N/D;N/D;;;;N/D;N/D;NÃO SABE INFORMAR;N/D;BRASIL;N/D;N/D;N/D;N/D;N/D;N/D;N/D;N/D;;N/D;N/D;N/D;LIBERDADE>DIREITOS INDIVIDUAIS>TRÁFICO DE PESSOAS - INTERNACIONAL
f22f90e9e1af134efbb61061c82707e9;16/05/2022 13:28;TELEFÔNICO;SITUAÇÃO FLAGRANTE - ATÉ 24H DA OCORRÊNCIA - SEM FREQUÊNCIA;ANÔNIMO;CASA ONDE RESIDE A VÍTIMA E O SUSPEITO;BRASIL;PI;TERESINA;ÚNICA OCORRÊNCIA;NÃO SE APLICA;10;VIOLÊNCIA CONTRA CRIANÇA OU ADOLESCENTE;PARA OBTENÇÃO DE BENEFÍCIO FINANCEIRO/ GANÂNCIA;MÃE;PESSOA FÍSICA;FEMININO;N/D;15 A 17 ANOS;BRASIL;NATO;DENUNCIANTE NÃO SOUBE INFORMAR;;NÃO TEM DEFICIÊNCIA;NÃO TEM DOENÇA RARA;NÃO;NÃO;BRASIL;PI;TERESINA;N/D;N/D;N/D;PRETA;N/D;N/D;PESSOA FÍSICA;FEMININO;N/D;N/D;BRASIL;NATO;DENUNCIANTE NÃO SOUBE INFORMAR;;NÃO TEM DEFICIÊNCIA;NÃO TEM DOENÇA RARA;NÃO;NÃO;BRASIL;PI;TERESINA;N/D;N/D;N/D;N/D;N/D;N/D;;N/D;N/D;N/D;LIBERDADE>DIREITOS INDIVIDUAIS>TRÁFICO DE PESSOAS - NACIONAL
eeb98db5ff6105a08f545594938fb596;16/05/2022 22:06;TELEFÔNICO;NÃO;TERCEIRO;CASA DA VÍTIMA;BRASIL;GO;GOIÂNIA;DIARIAMENTE;HÁ MAIS DE UM ANO;30;VIOLÊNCIA CONTRA CRIANÇA OU ADOLESCENTE;EM RAZÃO DA IDADE;OUTROS;PESSOA FÍSICA;FEMININO;N/D;15 A 17 ANOS;BRASIL;NATO;DENUNCIANTE NÃO SOUBE INFORMAR;;N/D;NÃO TEM DOENÇA RARA;;N/D;BRASIL;GO;GOIÂNIA;N/D;ENSINO MÉDIO COMPLETO;N/D;BRANCA;N/D;N/D;PESSOA FÍSICA;MASCULINO;N/D;30 A 34 ANOS;BRASIL;NATO;DENUNCIANTE NÃO SOUBE INFORMAR;;N/D;NÃO TEM DOENÇA RARA;NÃO SABE INFORMAR;FLAGRANTE;BRASIL;GO;GOIÂNIA;N/D;ENSINO MÉDIO COMPLETO;N/D;BRANCA;N/D;ACIMA DE 15 SM;;N/D;N/D;N/D;LIBERDADE>DIREITOS INDIVIDUAIS>TRÁFICO DE PESSOAS - NACIONAL
874f3526e92b86b2dd694c2f1f71b314;16/05/2022 17:56;TELEFÔNICO;NÃO;A PRÓPRIA VÍTIMA;CASA DA VÍTIMA;BRASIL;RJ;RIO DE JANEIRO;DIARIAMENTE;HÁ UM MÊS;10;VIOLÊNCIA CONTRA CRIANÇA OU ADOLESCENTE;NA RELAÇÃO FAMILIAR;OUTROS;PESSOA FÍSICA;N/D;N/D;VIDA INTRAUTERINA;BRASIL;;;;N/D;NÃO TEM DOENÇA RARA;;N/D;BRASIL;RJ;RIO DE JANEIRO;N/D;N/D;N/D;N/D;N/D;N/D;PESSOA FÍSICA;FEMININO;N/D;30 A 34 ANOS;BRASIL;;;;N/D;NÃO TEM DOENÇA RARA;NÃO SABE INFORMAR;N/D;BRASIL;RJ;RIO DE JANEIRO;N/D;N/D;N/D;N/D;N/D;N/D;;N/D;N/D;N/D;LIBERDADE>DIREITOS INDIVIDUAIS>TRÁFICO DE PESSOAS - NACIONAL
36650f772993d399bcc3896083d17f8f;18/05/2022 22:15;TELEFÔNICO;SITUAÇÃO FLAGRANTE - ATÉ 24H DA OCORRÊNCIA - SEM FREQUÊNCIA;TERCEIRO;CASA ONDE RESIDE A VÍTIMA E O SUSPEITO;BRASIL;RJ;NOVA IGUAÇU;ÚNICA OCORRÊNCIA;NÃO SE APLICA;10;VIOLÊNCIA CONTRA CRIANÇA OU ADOLESCENTE;EM RAZÃO DE CONFLITO DE IDEIAS;MÃE;PESSOA FÍSICA;FEMININO;N/D;VIDA INTRAUTERINA;BRASIL;NATO;RJ;RIO DE JANEIRO;N/D;NÃO TEM DOENÇA RARA;NÃO;NÃO;BRASIL;RJ;NOVA IGUAÇU;N/D;N/D;N/D;N/D;N/D;N/D;PESSOA FÍSICA;FEMININO;N/D;30 A 34 ANOS;BRASIL;NATO;RJ;RIO DE JANEIRO;N/D;NÃO TEM DOENÇA RARA;NÃO;NÃO;BRASIL;RJ;NOVA IGUAÇU;N/D;N/D;N/D;PRETA;N/D;N/D;;N/D;N/D;N/D;LIBERDADE>DIREITOS INDIVIDUAIS>TRÁFICO DE PESSOAS - NACIONAL
f585bc8f7823850fb2b4ce43841d13d4;23/05/2022 22:15;WHATSAPP;NÃO;TERCEIRO;ÓRGÃOS PÚBLICOS;BRASIL;CE;ASSARÉ;ÚNICA OCORRÊNCIA;NÃO SE APLICA;60;VIOLÊNCIA CONTRA CRIANÇA OU ADOLESCENTE;POR CONDUTAS EXCESSIVAS/ DESNECESSÁRIAS/ DESACONSELHADAS;OUTROS;PESSOA FÍSICA;FEMININO;N/D;10 A 11 ANOS;BRASIL;NATO;;;N/D;NÃO TEM DOENÇA RARA;;N/D;BRASIL;CE;ATENDIMENTO INTERRPOMPIDO;N/D;N/D;N/D;N/D;N/D;N/D;ÓRGÃO PÚBLICO;N/D;N/D;N/D;N/D;;;;N/D;N/D;NÃO SABE INFORMAR;N/D;BRASIL;CE;ATENDIMENTO INTERRPOMPIDO;N/D;N/D;N/D;N/D;N/D;N/D;;N/D;N/D;N/D;LIBERDADE>DIREITOS INDIVIDUAIS>TRÁFICO DE PESSOAS - INTERNACIONAL
f585bc8f7823850fb2b4ce43841d13d4;23/05/2022 22:15;WHATSAPP;NÃO;TERCEIRO;ÓRGÃOS PÚBLICOS;BRASIL;CE;ASSARÉ;ÚNICA OCORRÊNCIA;NÃO SE APLICA;60;VIOLÊNCIA CONTRA CRIANÇA OU ADOLESCENTE;EM RAZÃO DE CONFLITO DE IDEIAS;OUTROS;PESSOA FÍSICA;FEMININO;N/D;10 A 11 ANOS;BRASIL;;;;N/D;NÃO TEM DOENÇA RARA;NÃO SABE INFORMAR;N/D;BRASIL;ATENDIMENTO INTERROMPIDO;N/D;N/D;N/D;N/D;N/D;N/D;N/D;ÓRGÃO PÚBLICO;N/D;N/D;N/D;N/D;;;;N/D;N/D;NÃO SABE INFORMAR;N/D;BRASIL;N/D;N/D;N/D;N/D;N/D;N/D;N/D;N/D;;N/D;N/D;N/D;LIBERDADE>DIREITOS INDIVIDUAIS>TRÁFICO DE PESSOAS - NACIONAL
fe98c48ce3636be263dab63e8b46ea49;23/05/2022 22:15;WHATSAPP;NÃO;TERCEIRO;ÓRGÃOS PÚBLICOS;BRASIL;CE;ASSARÉ;ÚNICA OCORRÊNCIA;NÃO SE APLICA;60;VIOLÊNCIA CONTRA CRIANÇA OU ADOLESCENTE;POR CONDUTAS EXCESSIVAS/ DESNECESSÁRIAS/ DESACONSELHADAS;OUTROS;PESSOA FÍSICA;FEMININO;N/D;12 A 14 ANOS;BRASIL;NATO;;;N/D;NÃO TEM DOENÇA RARA;;N/D;BRASIL;CE;ASSARÉ;N/D;N/D;N/D;N/D;N/D;N/D;ÓRGÃO PÚBLICO;N/D;N/D;N/D;N/D;;;;N/D;N/D;NÃO SABE INFORMAR;N/D;BRASIL;CE;N/D;N/D;N/D;N/D;N/D;N/D;N/D;;N/D;N/D;N/D;LIBERDADE>DIREITOS INDIVIDUAIS>TRÁFICO DE PESSOAS - INTERNACIONAL
f585bc8f7823850fb2b4ce43841d13d4;23/05/2022 22:15;WHATSAPP;NÃO;TERCEIRO;ÓRGÃOS PÚBLICOS;BRASIL;CE;ASSARÉ;ÚNICA OCORRÊNCIA;NÃO SE APLICA;60;VIOLÊNCIA CONTRA CRIANÇA OU ADOLESCENTE;EM RAZÃO DA IDADE;OUTROS;PESSOA FÍSICA;FEMININO;N/D;10 A 11 ANOS;BRASIL;NATO;;;N/D;NÃO TEM DOENÇA RARA;;N/D;BRASIL;CE;ATENDIMENTO INTERRPOMPIDO;N/D;N/D;N/D;N/D;N/D;N/D;ÓRGÃO PÚBLICO;N/D;N/D;N/D;N/D;;;;N/D;N/D;NÃO SABE INFORMAR;N/D;BRASIL;CE;ATENDIMENTO INTERRPOMPIDO;N/D;N/D;N/D;N/D;N/D;N/D;;N/D;N/D;N/D;LIBERDADE>DIREITOS INDIVIDUAIS>TRÁFICO DE PESSOAS - NACIONAL
dcb94dcf091aee655ea0f72272e3bf2c;03/06/2022 16:09;TELEFÔNICO;NÃO;TERCEIRO;CASA DO SUSPEITO;BRASIL;SP;SUMARÉ;DIARIAMENTE;HÁ UM MÊS;10;VIOLAÇÃO DE DIREITOS HUMANOS;N/D;OUTROS;FAMÍLIA;N/D;N/D;;BRASIL;;;;N/D;N/D;;N/D;BRASIL;SP;SUMARÉ;N/D;N/D;MÓRMONS;N/D;N/D;N/D;PESSOA FÍSICA;FEMININO;N/D;40 A 44 ANOS;BRASIL;NATURALIZADO;;;N/D;NÃO TEM DOENÇA RARA;NÃO SABE INFORMAR;N/D;BRASIL;SP;SUMARÉ;N/D;N/D;N/D;BRANCA;N/D;N/D;;N/D;N/D;N/D;LIBERDADE>DIREITOS INDIVIDUAIS>TRÁFICO DE PESSOAS - INTERNACIONAL
4bb52bee9614167cc4f7d7e89e699245;03/06/2022 06:20;TELEFÔNICO;NÃO;ANÔNIMO;CASA ONDE RESIDE A VÍTIMA E O SUSPEITO;BRASIL;MG;GOVERNADOR VALADARES;DIARIAMENTE;HÁ MAIS DE CINCO ANOS;20;VIOLÊNCIA CONTRA CRIANÇA OU ADOLESCENTE;N/D;MÃE;PESSOA FÍSICA;FEMININO;N/D;12 A 14 ANOS;BRASIL;NATO;MG;GOVERNADOR VALADARES;N/D;NÃO TEM DOENÇA RARA;;N/D;BRASIL;MG;GOVERNADOR VALADARES;N/D;ENSINO FUNDAMENTAL INCOMPLETO;N/D;PARDA;N/D;ATÉ 1 SM;PESSOA FÍSICA;FEMININO;N/D;25 A 29 ANOS;BRASIL;NATO;MG;GOVERNADOR VALADARES;N/D;NÃO TEM DOENÇA RARA;NÃO SABE INFORMAR;N/D;BRASIL;MG;GOVERNADOR VALADARES;N/D;ENSINO FUNDAMENTAL INCOMPLETO;N/D;PARDA;N/D;ATÉ 1 SM;;N/D;N/D;N/D;LIBERDADE>DIREITOS INDIVIDUAIS>TRÁFICO DE PESSOAS - INTERNACIONAL
3448319dd9ad65f23a95a63600ca89c3;03/06/2022 06:20;TELEFÔNICO;NÃO;ANÔNIMO;CASA ONDE RESIDE A VÍTIMA E O SUSPEITO;BRASIL;MG;GOVERNADOR VALADARES;DIARIAMENTE;HÁ MAIS DE CINCO ANOS;20;VIOLÊNCIA CONTRA CRIANÇA OU ADOLESCENTE;N/D;MÃE;PESSOA FÍSICA;FEMININO;N/D;07 A 09 ANOS;BRASIL;NATO;MG;GOVERNADOR VALADARES;N/D;NÃO TEM DOENÇA RARA;;N/D;BRASIL;MG;GOVERNADOR VALADARES;N/D;ENSINO FUNDAMENTAL INCOMPLETO;N/D;BRANCA;N/D;ATÉ 1 SM;PESSOA FÍSICA;FEMININO;N/D;25 A 29 ANOS;BRASIL;NATO;MG;GOVERNADOR VALADARES;N/D;NÃO TEM DOENÇA RARA;NÃO SABE INFORMAR;N/D;BRASIL;MG;GOVERNADOR VALADARES;N/D;ENSINO FUNDAMENTAL INCOMPLETO;N/D;PARDA;N/D;ATÉ 1 SM;;N/D;N/D;N/D;LIBERDADE>DIREITOS INDIVIDUAIS>TRÁFICO DE PESSOAS - INTERNACIONAL
9798af66937f9a9f9fb3d5c87b6751af;29/06/2022 11:43;TELEFÔNICO;SITUAÇÃO FLAGRANTE - ATÉ 24H DA OCORRÊNCIA - SEM FREQUÊNCIA;TERCEIRO;CASA ONDE RESIDE A VÍTIMA E O SUSPEITO;BRASIL;PE;SÃO LOURENÇO DA MATA;ÚNICA OCORRÊNCIA;NÃO SE APLICA;10;VIOLÊNCIA CONTRA CRIANÇA OU ADOLESCENTE;EM RAZÃO DA IDADE;MÃE;PESSOA FÍSICA;FEMININO;N/D;00 A 01 ANO;BRASIL;NATO;PE;RECIFE;N/D;NÃO TEM DOENÇA RARA;;N/D;BRASIL;PE;SÃO LOURENÇO DA MATA;N/D;N/D;N/D;N/D;N/D;N/D;PESSOA FÍSICA;FEMININO;N/D;N/D;N/D;;;;N/D;NÃO TEM DOENÇA RARA;NÃO SABE INFORMAR;NÃO;BRASIL;PE;SÃO LOURENÇO DA MATA;N/D;N/D;N/D;N/D;N/D;N/D;;N/D;N/D;N/D;LIBERDADE>DIREITOS INDIVIDUAIS>TRÁFICO DE PESSOAS - NACIONAL
fb29c3bbad1dbe2e2ee5164c8b7ff349;30/06/2022 14:59;TELEFÔNICO;NÃO;TERCEIRO;CASA DO SUSPEITO;BRASIL;RJ;CAMPOS DOS GOYTACAZES;DIARIAMENTE;HÁ UM MÊS;20;VIOLÊNCIA CONTRA CRIANÇA OU ADOLESCENTE;FOI PRATICADO POR DUAS OU MAIS PESSOAS;PAI;PESSOA FÍSICA;FEMININO;N/D;00 A 01 ANO;BRASIL;;;;N/D;NÃO TEM DOENÇA RARA;;N/D;BRASIL;RJ;CAMPOS DOS GOYTACAZES;N/D;N/D;N/D;BRANCA;N/D;N/D;PESSOA FÍSICA;FEMININO;N/D;25 A 29 ANOS;BRASIL;;;;N/D;NÃO TEM DOENÇA RARA;NÃO SABE INFORMAR;N/D;BRASIL;RJ;CAMPOS DOS GOYTACAZES;N/D;N/D;N/D;PARDA;N/D;N/D;;N/D;N/D;N/D;LIBERDADE>DIREITOS INDIVIDUAIS>TRÁFICO DE PESSOAS - NACIONAL
ce207e295932711ac23494214116a4de;30/06/2022 14:59;TELEFÔNICO;NÃO;TERCEIRO;CASA DO SUSPEITO;BRASIL;RJ;CAMPOS DOS GOYTACAZES;DIARIAMENTE;HÁ UM MÊS;20;VIOLÊNCIA CONTRA CRIANÇA OU ADOLESCENTE;FOI PRATICADO POR DUAS OU MAIS PESSOAS;MÃE;PESSOA FÍSICA;FEMININO;N/D;00 A 01 ANO;BRASIL;;;;N/D;NÃO TEM DOENÇA RARA;;N/D;BRASIL;RJ;CAMPOS DOS GOYTACAZES;N/D;N/D;N/D;BRANCA;N/D;N/D;PESSOA FÍSICA;FEMININO;N/D;40 A 44 ANOS;BRASIL;;;;N/D;NÃO TEM DOENÇA RARA;NÃO SABE INFORMAR;N/D;BRASIL;RJ;CAMPOS DOS GOYTACAZES;N/D;N/D;N/D;PARDA;N/D;N/D;;N/D;N/D;N/D;LIBERDADE>DIREITOS INDIVIDUAIS>TRÁFICO DE PESSOAS - NACIONAL
fa62d006d0964b75ea2b66280336f87d;24/06/2022 00:27;TELEFÔNICO;NÃO;TERCEIRO;AMBIENTE VIRTUAL (NO ÂMBITO DA INTERNET);BRASIL;N/D;N/D;DIARIAMENTE;HÁ UM MÊS;10;VIOLAÇÃO DE DIREITOS HUMANOS;N/D;EMPREGADOR/PATRÃO(HIERARQUICAMENTE SUPERIOR);PESSOA FÍSICA;N/D;N/D;;BRASIL;;;;N/D;NÃO TEM DOENÇA RARA;;N/D;BRASIL;DENUNCIANTE NÃO SOUBE INFORMAR;N/D;N/D;N/D;N/D;N/D;N/D;N/D;PESSOA FÍSICA;MASCULINO;N/D;20 A 24 ANOS;BRASIL;;;;N/D;NÃO TEM DOENÇA RARA;NÃO SABE INFORMAR;N/D;CHINA;N/D;N/D;N/D;N/D;N/D;N/D;N/D;N/D;;N/D;N/D;N/D;LIBERDADE>DIREITOS INDIVIDUAIS>TRÁFICO DE PESSOAS - INTERNACIONAL
